{
	"type": "object",
	"properties": {
		"status": { "type": "number" },
		"headers": { "type": "object", "additionalProperties": false },
		"body": {
			"oneOf": [
				{
					"type": "object",
					"properties": {},
					"additionalProperties": true,
					"advanced": []
				},
				{ "type": "array", "items": {} },
				{ "type": ["null", "string", "number", "boolean"] }
			]
		}
	},
	"additionalProperties": false,
	"required": ["body", "headers", "status"],
	"$schema": "http://json-schema.org/draft-07/schema#",
	"advanced": []
}
